"Category","Year 1","Year 2","Year 3","Year 4","Year 5"
"REVENUE",,,,,
"SaaS Subscriptions","$200,000","$800,000","$1,500,000","$3,000,000","$6,000,000"
"Marketplace Commission","$200,000","$700,000","$2,000,000","$5,000,000","$9,000,000"
"Investor Dashboard","$50,000","$300,000","$800,000","$2,000,000","$4,000,000"
"AI Premium Features","$25,000","$150,000","$500,000","$1,500,000","$3,000,000"
"Partnerships & Ads","$25,000","$50,000","$200,000","$500,000","$3,000,000"
"TOTAL REVENUE","$500,000","$2,000,000","$5,000,000","$12,000,000","$25,000,000"
"COST OF GOODS SOLD (COGS)",,,,,
"Cloud Infrastructure","$40,000","$120,000","$300,000","$800,000","$2,000,000"
"Payment Processing (3%)","$15,000","$60,000","$150,000","$360,000","$750,000"
"AI Compute Costs","$20,000","$80,000","$200,000","$500,000","$1,200,000"
"Customer Support","$15,000","$40,000","$100,000","$250,000","$500,000"
"TOTAL COGS","$90,000","$300,000","$750,000","$1,910,000","$4,450,000"
"GROSS PROFIT","$410,000","$1,700,000","$4,250,000","$10,090,000","$20,550,000"
"GROSS MARGIN %","82%","85%","85%","84%","82%"
"OPERATING EXPENSES",,,,,
"Personnel",,,,,
"Engineering Team (5 people)","$300,000","$400,000","$600,000","$1,200,000","$2,400,000"
"Sales & Marketing (3 people)","$120,000","$200,000","$400,000","$800,000","$1,600,000"
"Operations & Admin (2 people)","$80,000","$120,000","$200,000","$400,000","$800,000"
"Management (2 people)","$150,000","$200,000","$300,000","$500,000","$800,000"
"Total Personnel","$650,000","$920,000","$1,500,000","$2,900,000","$5,600,000"
"Marketing & Sales",,,,,
"Digital Marketing","$50,000","$150,000","$300,000","$600,000","$1,200,000"
"Partnerships & Events","$30,000","$80,000","$200,000","$400,000","$800,000"
"PR & Branding","$20,000","$50,000","$100,000","$200,000","$400,000"
"Total Marketing","$100,000","$280,000","$600,000","$1,200,000","$2,400,000"
"Operations",,,,,
"Office & Equipment","$30,000","$50,000","$100,000","$200,000","$400,000"
"Legal & Compliance","$20,000","$50,000","$100,000","$200,000","$400,000"
"Insurance","$10,000","$20,000","$50,000","$100,000","$200,000"
"Total Operations","$60,000","$120,000","$250,000","$500,000","$1,000,000"
"TOTAL OPEX","$810,000","$1,320,000","$2,350,000","$4,600,000","$9,000,000"
"EBITDA","-$400,000","$380,000","$1,900,000","$5,490,000","$11,550,000"
"Depreciation","$20,000","$40,000","$80,000","$150,000","$300,000"
"Interest Expense","$0","$0","$0","$0","$0"
"Taxes (25%)","$0","$0","$455,000","$1,335,000","$2,812,500"
"NET INCOME","-$420,000","$340,000","$1,365,000","$4,005,000","$8,437,500"
"NET MARGIN %","-84%","17%","27%","33%","34%"
